year,precipitation
2010,1590.139391660986
2011,1560.74
2012,1657.9509473685248
2013,1754.606792652071
2014,1638.68
2015,1710.1365240635846
2016,1599.1869100971278
2017,1453.1199701792668
2018,1488.81
2019,1512.4009342245583
2020,1401.68
