year,avg_temp
2010,24.046206490740275
2011,24.01080550159442
2012,24.400228893235763
2013,24.377205479452055
2014,24.321393466189363
2015,24.230164383561643
2016,24.37741888521432
2017,24.341917808219176
2018,24.331945205479453
2019,24.533717082542587
2020,24.415311420596677
